brisque_rtp-ml,brisque_gt,timestamp,file,dataset
47.04,42.25522,1717509173,C:\final_project\pcap_files_test\2024_06_04_16_52_250falls30demoKBps\pcap_2024_06_04_16_52_250falls30demoKBpsRtp.csv,falls
45.99,39.7713,1717509174,C:\final_project\pcap_files_test\2024_06_04_16_52_250falls30demoKBps\pcap_2024_06_04_16_52_250falls30demoKBpsRtp.csv,falls
46.16,39.6608,1717509175,C:\final_project\pcap_files_test\2024_06_04_16_52_250falls30demoKBps\pcap_2024_06_04_16_52_250falls30demoKBpsRtp.csv,falls
46.76,40.93286,1717509176,C:\final_project\pcap_files_test\2024_06_04_16_52_250falls30demoKBps\pcap_2024_06_04_16_52_250falls30demoKBpsRtp.csv,falls
45.55,40.656,1717509177,C:\final_project\pcap_files_test\2024_06_04_16_52_250falls30demoKBps\pcap_2024_06_04_16_52_250falls30demoKBpsRtp.csv,falls
46.89,39.84611,1717509178,C:\final_project\pcap_files_test\2024_06_04_16_52_250falls30demoKBps\pcap_2024_06_04_16_52_250falls30demoKBpsRtp.csv,falls
46.71,39.73903,1717509179,C:\final_project\pcap_files_test\2024_06_04_16_52_250falls30demoKBps\pcap_2024_06_04_16_52_250falls30demoKBpsRtp.csv,falls
45.78,39.86525,1717509180,C:\final_project\pcap_files_test\2024_06_04_16_52_250falls30demoKBps\pcap_2024_06_04_16_52_250falls30demoKBpsRtp.csv,falls
45.58,40.11535,1717509181,C:\final_project\pcap_files_test\2024_06_04_16_52_250falls30demoKBps\pcap_2024_06_04_16_52_250falls30demoKBpsRtp.csv,falls
46.29,39.73616,1717509182,C:\final_project\pcap_files_test\2024_06_04_16_52_250falls30demoKBps\pcap_2024_06_04_16_52_250falls30demoKBpsRtp.csv,falls
47.03,40.3318,1717509183,C:\final_project\pcap_files_test\2024_06_04_16_52_250falls30demoKBps\pcap_2024_06_04_16_52_250falls30demoKBpsRtp.csv,falls
42.79,40.52068,1717509184,C:\final_project\pcap_files_test\2024_06_04_16_52_250falls30demoKBps\pcap_2024_06_04_16_52_250falls30demoKBpsRtp.csv,falls
43.21,41.47801,1717509185,C:\final_project\pcap_files_test\2024_06_04_16_52_250falls30demoKBps\pcap_2024_06_04_16_52_250falls30demoKBpsRtp.csv,falls
44.5,42.47924,1717509186,C:\final_project\pcap_files_test\2024_06_04_16_52_250falls30demoKBps\pcap_2024_06_04_16_52_250falls30demoKBpsRtp.csv,falls
44.94,44.64113,1717509187,C:\final_project\pcap_files_test\2024_06_04_16_52_250falls30demoKBps\pcap_2024_06_04_16_52_250falls30demoKBpsRtp.csv,falls
54.22,80.83811,1717509189,C:\final_project\pcap_files_test\2024_06_04_16_52_250falls30demoKBps\pcap_2024_06_04_16_52_250falls30demoKBpsRtp.csv,falls
55.87,81.64505,1717509190,C:\final_project\pcap_files_test\2024_06_04_16_52_250falls30demoKBps\pcap_2024_06_04_16_52_250falls30demoKBpsRtp.csv,falls
78.19,81.15088,1717509191,C:\final_project\pcap_files_test\2024_06_04_16_52_250falls30demoKBps\pcap_2024_06_04_16_52_250falls30demoKBpsRtp.csv,falls
78.86,80.9682,1717509192,C:\final_project\pcap_files_test\2024_06_04_16_52_250falls30demoKBps\pcap_2024_06_04_16_52_250falls30demoKBpsRtp.csv,falls
77.95,78.77698,1717509193,C:\final_project\pcap_files_test\2024_06_04_16_52_250falls30demoKBps\pcap_2024_06_04_16_52_250falls30demoKBpsRtp.csv,falls
77.47,78.11208,1717509194,C:\final_project\pcap_files_test\2024_06_04_16_52_250falls30demoKBps\pcap_2024_06_04_16_52_250falls30demoKBpsRtp.csv,falls
74.14,78.18008,1717509195,C:\final_project\pcap_files_test\2024_06_04_16_52_250falls30demoKBps\pcap_2024_06_04_16_52_250falls30demoKBpsRtp.csv,falls
76.36,77.89402,1717509196,C:\final_project\pcap_files_test\2024_06_04_16_52_250falls30demoKBps\pcap_2024_06_04_16_52_250falls30demoKBpsRtp.csv,falls
75.15,77.8187,1717509197,C:\final_project\pcap_files_test\2024_06_04_16_52_250falls30demoKBps\pcap_2024_06_04_16_52_250falls30demoKBpsRtp.csv,falls
73.75,79.41022,1717509198,C:\final_project\pcap_files_test\2024_06_04_16_52_250falls30demoKBps\pcap_2024_06_04_16_52_250falls30demoKBpsRtp.csv,falls
76.18,72.40767,1717509199,C:\final_project\pcap_files_test\2024_06_04_16_52_250falls30demoKBps\pcap_2024_06_04_16_52_250falls30demoKBpsRtp.csv,falls
74.32,71.28016,1717509200,C:\final_project\pcap_files_test\2024_06_04_16_52_250falls30demoKBps\pcap_2024_06_04_16_52_250falls30demoKBpsRtp.csv,falls
76.98,70.32483,1717509201,C:\final_project\pcap_files_test\2024_06_04_16_52_250falls30demoKBps\pcap_2024_06_04_16_52_250falls30demoKBpsRtp.csv,falls
70.71,70.083,1717509202,C:\final_project\pcap_files_test\2024_06_04_16_52_250falls30demoKBps\pcap_2024_06_04_16_52_250falls30demoKBpsRtp.csv,falls
68.97,70.28031,1717509203,C:\final_project\pcap_files_test\2024_06_04_16_52_250falls30demoKBps\pcap_2024_06_04_16_52_250falls30demoKBpsRtp.csv,falls
73.92,70.10598,1717509204,C:\final_project\pcap_files_test\2024_06_04_16_52_250falls30demoKBps\pcap_2024_06_04_16_52_250falls30demoKBpsRtp.csv,falls
72.09,70.60032,1717509205,C:\final_project\pcap_files_test\2024_06_04_16_52_250falls30demoKBps\pcap_2024_06_04_16_52_250falls30demoKBpsRtp.csv,falls
58.4,70.15798,1717509206,C:\final_project\pcap_files_test\2024_06_04_16_52_250falls30demoKBps\pcap_2024_06_04_16_52_250falls30demoKBpsRtp.csv,falls
53.39,70.01238,1717509207,C:\final_project\pcap_files_test\2024_06_04_16_52_250falls30demoKBps\pcap_2024_06_04_16_52_250falls30demoKBpsRtp.csv,falls
63.58,47.05052,1717509208,C:\final_project\pcap_files_test\2024_06_04_16_52_250falls30demoKBps\pcap_2024_06_04_16_52_250falls30demoKBpsRtp.csv,falls
50.97,46.41828,1717509209,C:\final_project\pcap_files_test\2024_06_04_16_52_250falls30demoKBps\pcap_2024_06_04_16_52_250falls30demoKBpsRtp.csv,falls
57.28,46.09825,1717509210,C:\final_project\pcap_files_test\2024_06_04_16_52_250falls30demoKBps\pcap_2024_06_04_16_52_250falls30demoKBpsRtp.csv,falls
50.5,46.7217,1717509211,C:\final_project\pcap_files_test\2024_06_04_16_52_250falls30demoKBps\pcap_2024_06_04_16_52_250falls30demoKBpsRtp.csv,falls
50.54,48.52321,1717509212,C:\final_project\pcap_files_test\2024_06_04_16_52_250falls30demoKBps\pcap_2024_06_04_16_52_250falls30demoKBpsRtp.csv,falls
50.96,46.16784,1717509213,C:\final_project\pcap_files_test\2024_06_04_16_52_250falls30demoKBps\pcap_2024_06_04_16_52_250falls30demoKBpsRtp.csv,falls
50.91,49.05543,1717509214,C:\final_project\pcap_files_test\2024_06_04_16_52_250falls30demoKBps\pcap_2024_06_04_16_52_250falls30demoKBpsRtp.csv,falls
49.56,48.34393,1717509215,C:\final_project\pcap_files_test\2024_06_04_16_52_250falls30demoKBps\pcap_2024_06_04_16_52_250falls30demoKBpsRtp.csv,falls
50.14,46.25963,1717509216,C:\final_project\pcap_files_test\2024_06_04_16_52_250falls30demoKBps\pcap_2024_06_04_16_52_250falls30demoKBpsRtp.csv,falls
49.4,43.85456,1717509217,C:\final_project\pcap_files_test\2024_06_04_16_52_250falls30demoKBps\pcap_2024_06_04_16_52_250falls30demoKBpsRtp.csv,falls
50.05,43.82611,1717509218,C:\final_project\pcap_files_test\2024_06_04_16_52_250falls30demoKBps\pcap_2024_06_04_16_52_250falls30demoKBpsRtp.csv,falls
50.54,42.33621,1717509219,C:\final_project\pcap_files_test\2024_06_04_16_52_250falls30demoKBps\pcap_2024_06_04_16_52_250falls30demoKBpsRtp.csv,falls
48.96,41.84652,1717509220,C:\final_project\pcap_files_test\2024_06_04_16_52_250falls30demoKBps\pcap_2024_06_04_16_52_250falls30demoKBpsRtp.csv,falls
48.86,41.22339,1717509221,C:\final_project\pcap_files_test\2024_06_04_16_52_250falls30demoKBps\pcap_2024_06_04_16_52_250falls30demoKBpsRtp.csv,falls
47.88,40.17754,1717509222,C:\final_project\pcap_files_test\2024_06_04_16_52_250falls30demoKBps\pcap_2024_06_04_16_52_250falls30demoKBpsRtp.csv,falls
48.38,39.54181,1717509223,C:\final_project\pcap_files_test\2024_06_04_16_52_250falls30demoKBps\pcap_2024_06_04_16_52_250falls30demoKBpsRtp.csv,falls
47.79,39.08545,1717509224,C:\final_project\pcap_files_test\2024_06_04_16_52_250falls30demoKBps\pcap_2024_06_04_16_52_250falls30demoKBpsRtp.csv,falls
47.67,38.6204,1717509225,C:\final_project\pcap_files_test\2024_06_04_16_52_250falls30demoKBps\pcap_2024_06_04_16_52_250falls30demoKBpsRtp.csv,falls
47.84,39.33313,1717509226,C:\final_project\pcap_files_test\2024_06_04_16_52_250falls30demoKBps\pcap_2024_06_04_16_52_250falls30demoKBpsRtp.csv,falls
47.43,39.19574,1717509227,C:\final_project\pcap_files_test\2024_06_04_16_52_250falls30demoKBps\pcap_2024_06_04_16_52_250falls30demoKBpsRtp.csv,falls
44.69,38.84392,1717509228,C:\final_project\pcap_files_test\2024_06_04_16_52_250falls30demoKBps\pcap_2024_06_04_16_52_250falls30demoKBpsRtp.csv,falls
48.37,43.15739,1717509229,C:\final_project\pcap_files_test\2024_06_04_16_52_250falls30demoKBps\pcap_2024_06_04_16_52_250falls30demoKBpsRtp.csv,falls
45.67,41.66583,1717509230,C:\final_project\pcap_files_test\2024_06_04_16_52_250falls30demoKBps\pcap_2024_06_04_16_52_250falls30demoKBpsRtp.csv,falls
45.16,41.44617,1717509231,C:\final_project\pcap_files_test\2024_06_04_16_52_250falls30demoKBps\pcap_2024_06_04_16_52_250falls30demoKBpsRtp.csv,falls
48.35,41.79034,1717509232,C:\final_project\pcap_files_test\2024_06_04_16_52_250falls30demoKBps\pcap_2024_06_04_16_52_250falls30demoKBpsRtp.csv,falls
72.58,41.78339,1717509233,C:\final_project\pcap_files_test\2024_06_04_16_52_250falls30demoKBps\pcap_2024_06_04_16_52_250falls30demoKBpsRtp.csv,falls
75.94,80.09285,1717509234,C:\final_project\pcap_files_test\2024_06_04_16_52_250falls30demoKBps\pcap_2024_06_04_16_52_250falls30demoKBpsRtp.csv,falls
68.8,78.77706,1717509235,C:\final_project\pcap_files_test\2024_06_04_16_52_250falls30demoKBps\pcap_2024_06_04_16_52_250falls30demoKBpsRtp.csv,falls
75.16,78.976,1717509236,C:\final_project\pcap_files_test\2024_06_04_16_52_250falls30demoKBps\pcap_2024_06_04_16_52_250falls30demoKBpsRtp.csv,falls
78.81,78.1984,1717509237,C:\final_project\pcap_files_test\2024_06_04_16_52_250falls30demoKBps\pcap_2024_06_04_16_52_250falls30demoKBpsRtp.csv,falls
76.86,78.89411,1717509238,C:\final_project\pcap_files_test\2024_06_04_16_52_250falls30demoKBps\pcap_2024_06_04_16_52_250falls30demoKBpsRtp.csv,falls
76.05,78.04695,1717509239,C:\final_project\pcap_files_test\2024_06_04_16_52_250falls30demoKBps\pcap_2024_06_04_16_52_250falls30demoKBpsRtp.csv,falls
77.3,77.89758,1717509240,C:\final_project\pcap_files_test\2024_06_04_16_52_250falls30demoKBps\pcap_2024_06_04_16_52_250falls30demoKBpsRtp.csv,falls
76.62,78.07071,1717509242,C:\final_project\pcap_files_test\2024_06_04_16_52_250falls30demoKBps\pcap_2024_06_04_16_52_250falls30demoKBpsRtp.csv,falls
76.49,77.15278,1717509243,C:\final_project\pcap_files_test\2024_06_04_16_52_250falls30demoKBps\pcap_2024_06_04_16_52_250falls30demoKBpsRtp.csv,falls
75.41,76.9404,1717509244,C:\final_project\pcap_files_test\2024_06_04_16_52_250falls30demoKBps\pcap_2024_06_04_16_52_250falls30demoKBpsRtp.csv,falls
75.81,78.50388,1717509245,C:\final_project\pcap_files_test\2024_06_04_16_52_250falls30demoKBps\pcap_2024_06_04_16_52_250falls30demoKBpsRtp.csv,falls
72.37,77.04017,1717509246,C:\final_project\pcap_files_test\2024_06_04_16_52_250falls30demoKBps\pcap_2024_06_04_16_52_250falls30demoKBpsRtp.csv,falls
76.41,73.50346,1717509247,C:\final_project\pcap_files_test\2024_06_04_16_52_250falls30demoKBps\pcap_2024_06_04_16_52_250falls30demoKBpsRtp.csv,falls
71.12,72.6012,1717509248,C:\final_project\pcap_files_test\2024_06_04_16_52_250falls30demoKBps\pcap_2024_06_04_16_52_250falls30demoKBpsRtp.csv,falls
74.75,71.8647,1717509249,C:\final_project\pcap_files_test\2024_06_04_16_52_250falls30demoKBps\pcap_2024_06_04_16_52_250falls30demoKBpsRtp.csv,falls
74.28,71.98333,1717509250,C:\final_project\pcap_files_test\2024_06_04_16_52_250falls30demoKBps\pcap_2024_06_04_16_52_250falls30demoKBpsRtp.csv,falls
67.17,72.20483,1717509251,C:\final_project\pcap_files_test\2024_06_04_16_52_250falls30demoKBps\pcap_2024_06_04_16_52_250falls30demoKBpsRtp.csv,falls
73.39,71.94377,1717509252,C:\final_project\pcap_files_test\2024_06_04_16_52_250falls30demoKBps\pcap_2024_06_04_16_52_250falls30demoKBpsRtp.csv,falls
73.99,71.94342,1717509253,C:\final_project\pcap_files_test\2024_06_04_16_52_250falls30demoKBps\pcap_2024_06_04_16_52_250falls30demoKBpsRtp.csv,falls
52.44,71.39949,1717509254,C:\final_project\pcap_files_test\2024_06_04_16_52_250falls30demoKBps\pcap_2024_06_04_16_52_250falls30demoKBpsRtp.csv,falls
73.44,47.32691,1717509255,C:\final_project\pcap_files_test\2024_06_04_16_52_250falls30demoKBps\pcap_2024_06_04_16_52_250falls30demoKBpsRtp.csv,falls
50.85,47.8351,1717509256,C:\final_project\pcap_files_test\2024_06_04_16_52_250falls30demoKBps\pcap_2024_06_04_16_52_250falls30demoKBpsRtp.csv,falls
50.65,47.06432,1717509257,C:\final_project\pcap_files_test\2024_06_04_16_52_250falls30demoKBps\pcap_2024_06_04_16_52_250falls30demoKBpsRtp.csv,falls
57.52,46.89511,1717509258,C:\final_project\pcap_files_test\2024_06_04_16_52_250falls30demoKBps\pcap_2024_06_04_16_52_250falls30demoKBpsRtp.csv,falls
50.01,47.56371,1717509259,C:\final_project\pcap_files_test\2024_06_04_16_52_250falls30demoKBps\pcap_2024_06_04_16_52_250falls30demoKBpsRtp.csv,falls
49.42,47.2182,1717509260,C:\final_project\pcap_files_test\2024_06_04_16_52_250falls30demoKBps\pcap_2024_06_04_16_52_250falls30demoKBpsRtp.csv,falls
49.53,47.62741,1717509261,C:\final_project\pcap_files_test\2024_06_04_16_52_250falls30demoKBps\pcap_2024_06_04_16_52_250falls30demoKBpsRtp.csv,falls
49.55,49.37601,1717509262,C:\final_project\pcap_files_test\2024_06_04_16_52_250falls30demoKBps\pcap_2024_06_04_16_52_250falls30demoKBpsRtp.csv,falls
49.07,49.58871,1717509263,C:\final_project\pcap_files_test\2024_06_04_16_52_250falls30demoKBps\pcap_2024_06_04_16_52_250falls30demoKBpsRtp.csv,falls
48.66,48.17429,1717509264,C:\final_project\pcap_files_test\2024_06_04_16_52_250falls30demoKBps\pcap_2024_06_04_16_52_250falls30demoKBpsRtp.csv,falls
49.17,48.10362,1717509265,C:\final_project\pcap_files_test\2024_06_04_16_52_250falls30demoKBps\pcap_2024_06_04_16_52_250falls30demoKBpsRtp.csv,falls
49.65,49.89144,1717509266,C:\final_project\pcap_files_test\2024_06_04_16_52_250falls30demoKBps\pcap_2024_06_04_16_52_250falls30demoKBpsRtp.csv,falls
47.97,46.29864,1717509267,C:\final_project\pcap_files_test\2024_06_04_16_52_250falls30demoKBps\pcap_2024_06_04_16_52_250falls30demoKBpsRtp.csv,falls
48.25,47.93983,1717509268,C:\final_project\pcap_files_test\2024_06_04_16_52_250falls30demoKBps\pcap_2024_06_04_16_52_250falls30demoKBpsRtp.csv,falls
46.29,48.64281,1717509269,C:\final_project\pcap_files_test\2024_06_04_16_52_250falls30demoKBps\pcap_2024_06_04_16_52_250falls30demoKBpsRtp.csv,falls
45.41,49.64683,1717509270,C:\final_project\pcap_files_test\2024_06_04_16_52_250falls30demoKBps\pcap_2024_06_04_16_52_250falls30demoKBpsRtp.csv,falls
47.81,46.04975,1717509271,C:\final_project\pcap_files_test\2024_06_04_16_52_250falls30demoKBps\pcap_2024_06_04_16_52_250falls30demoKBpsRtp.csv,falls
47.18,44.45548,1717509272,C:\final_project\pcap_files_test\2024_06_04_16_52_250falls30demoKBps\pcap_2024_06_04_16_52_250falls30demoKBpsRtp.csv,falls
46.6,49.57763,1717509273,C:\final_project\pcap_files_test\2024_06_04_16_52_250falls30demoKBps\pcap_2024_06_04_16_52_250falls30demoKBpsRtp.csv,falls
47.6,48.1553,1717509274,C:\final_project\pcap_files_test\2024_06_04_16_52_250falls30demoKBps\pcap_2024_06_04_16_52_250falls30demoKBpsRtp.csv,falls
46.2,48.1532,1717509275,C:\final_project\pcap_files_test\2024_06_04_16_52_250falls30demoKBps\pcap_2024_06_04_16_52_250falls30demoKBpsRtp.csv,falls
44.6,49.55206,1717509277,C:\final_project\pcap_files_test\2024_06_04_16_52_250falls30demoKBps\pcap_2024_06_04_16_52_250falls30demoKBpsRtp.csv,falls
45.93,48.96347,1717509278,C:\final_project\pcap_files_test\2024_06_04_16_52_250falls30demoKBps\pcap_2024_06_04_16_52_250falls30demoKBpsRtp.csv,falls
47.39,49.11174,1717509279,C:\final_project\pcap_files_test\2024_06_04_16_52_250falls30demoKBps\pcap_2024_06_04_16_52_250falls30demoKBpsRtp.csv,falls
59.7,49.13465,1717509280,C:\final_project\pcap_files_test\2024_06_04_16_52_250falls30demoKBps\pcap_2024_06_04_16_52_250falls30demoKBpsRtp.csv,falls
76.02,81.49416,1717509281,C:\final_project\pcap_files_test\2024_06_04_16_52_250falls30demoKBps\pcap_2024_06_04_16_52_250falls30demoKBpsRtp.csv,falls
78.32,80.8133,1717509282,C:\final_project\pcap_files_test\2024_06_04_16_52_250falls30demoKBps\pcap_2024_06_04_16_52_250falls30demoKBpsRtp.csv,falls
76.4,80.63425,1717509283,C:\final_project\pcap_files_test\2024_06_04_16_52_250falls30demoKBps\pcap_2024_06_04_16_52_250falls30demoKBpsRtp.csv,falls
78.24,79.70891,1717509284,C:\final_project\pcap_files_test\2024_06_04_16_52_250falls30demoKBps\pcap_2024_06_04_16_52_250falls30demoKBpsRtp.csv,falls
76.47,80.97874,1717509285,C:\final_project\pcap_files_test\2024_06_04_16_52_250falls30demoKBps\pcap_2024_06_04_16_52_250falls30demoKBpsRtp.csv,falls
75.17,79.86753,1717509286,C:\final_project\pcap_files_test\2024_06_04_16_52_250falls30demoKBps\pcap_2024_06_04_16_52_250falls30demoKBpsRtp.csv,falls
74.59,80.06896,1717509287,C:\final_project\pcap_files_test\2024_06_04_16_52_250falls30demoKBps\pcap_2024_06_04_16_52_250falls30demoKBpsRtp.csv,falls
71.69,82.20667,1717509288,C:\final_project\pcap_files_test\2024_06_04_16_52_250falls30demoKBps\pcap_2024_06_04_16_52_250falls30demoKBpsRtp.csv,falls
77.91,79.81132,1717509289,C:\final_project\pcap_files_test\2024_06_04_16_52_250falls30demoKBps\pcap_2024_06_04_16_52_250falls30demoKBpsRtp.csv,falls
77.35,79.34401,1717509290,C:\final_project\pcap_files_test\2024_06_04_16_52_250falls30demoKBps\pcap_2024_06_04_16_52_250falls30demoKBpsRtp.csv,falls
76.12,79.09184,1717509291,C:\final_project\pcap_files_test\2024_06_04_16_52_250falls30demoKBps\pcap_2024_06_04_16_52_250falls30demoKBpsRtp.csv,falls
77.12,80.15318,1717509292,C:\final_project\pcap_files_test\2024_06_04_16_52_250falls30demoKBps\pcap_2024_06_04_16_52_250falls30demoKBpsRtp.csv,falls
74.96,78.65704,1717509293,C:\final_project\pcap_files_test\2024_06_04_16_52_250falls30demoKBps\pcap_2024_06_04_16_52_250falls30demoKBpsRtp.csv,falls
76.29,73.82724,1717509294,C:\final_project\pcap_files_test\2024_06_04_16_52_250falls30demoKBps\pcap_2024_06_04_16_52_250falls30demoKBpsRtp.csv,falls
74.62,72.3697,1717509295,C:\final_project\pcap_files_test\2024_06_04_16_52_250falls30demoKBps\pcap_2024_06_04_16_52_250falls30demoKBpsRtp.csv,falls
74.05,72.15345,1717509296,C:\final_project\pcap_files_test\2024_06_04_16_52_250falls30demoKBps\pcap_2024_06_04_16_52_250falls30demoKBpsRtp.csv,falls
69.1,71.84467,1717509297,C:\final_project\pcap_files_test\2024_06_04_16_52_250falls30demoKBps\pcap_2024_06_04_16_52_250falls30demoKBpsRtp.csv,falls
72.57,71.95336,1717509298,C:\final_project\pcap_files_test\2024_06_04_16_52_250falls30demoKBps\pcap_2024_06_04_16_52_250falls30demoKBpsRtp.csv,falls
66.01,71.90269,1717509299,C:\final_project\pcap_files_test\2024_06_04_16_52_250falls30demoKBps\pcap_2024_06_04_16_52_250falls30demoKBpsRtp.csv,falls
65.39,71.46439,1717509300,C:\final_project\pcap_files_test\2024_06_04_16_52_250falls30demoKBps\pcap_2024_06_04_16_52_250falls30demoKBpsRtp.csv,falls
58.35,50.44996,1717509301,C:\final_project\pcap_files_test\2024_06_04_16_52_250falls30demoKBps\pcap_2024_06_04_16_52_250falls30demoKBpsRtp.csv,falls
50.96,49.87758,1717509302,C:\final_project\pcap_files_test\2024_06_04_16_52_250falls30demoKBps\pcap_2024_06_04_16_52_250falls30demoKBpsRtp.csv,falls
50.74,48.9174,1717509303,C:\final_project\pcap_files_test\2024_06_04_16_52_250falls30demoKBps\pcap_2024_06_04_16_52_250falls30demoKBpsRtp.csv,falls
50.5,48.65007,1717509304,C:\final_project\pcap_files_test\2024_06_04_16_52_250falls30demoKBps\pcap_2024_06_04_16_52_250falls30demoKBpsRtp.csv,falls
49.16,48.33067,1717509305,C:\final_project\pcap_files_test\2024_06_04_16_52_250falls30demoKBps\pcap_2024_06_04_16_52_250falls30demoKBpsRtp.csv,falls
50.86,48.91555,1717509306,C:\final_project\pcap_files_test\2024_06_04_16_52_250falls30demoKBps\pcap_2024_06_04_16_52_250falls30demoKBpsRtp.csv,falls
50.66,48.32104,1717509307,C:\final_project\pcap_files_test\2024_06_04_16_52_250falls30demoKBps\pcap_2024_06_04_16_52_250falls30demoKBpsRtp.csv,falls
49.59,48.3837,1717509308,C:\final_project\pcap_files_test\2024_06_04_16_52_250falls30demoKBps\pcap_2024_06_04_16_52_250falls30demoKBpsRtp.csv,falls
48.88,48.90428,1717509309,C:\final_project\pcap_files_test\2024_06_04_16_52_250falls30demoKBps\pcap_2024_06_04_16_52_250falls30demoKBpsRtp.csv,falls
49.17,49.0026,1717509310,C:\final_project\pcap_files_test\2024_06_04_16_52_250falls30demoKBps\pcap_2024_06_04_16_52_250falls30demoKBpsRtp.csv,falls
48.93,48.66901,1717509311,C:\final_project\pcap_files_test\2024_06_04_16_52_250falls30demoKBps\pcap_2024_06_04_16_52_250falls30demoKBpsRtp.csv,falls
48.84,46.94371,1717509312,C:\final_project\pcap_files_test\2024_06_04_16_52_250falls30demoKBps\pcap_2024_06_04_16_52_250falls30demoKBpsRtp.csv,falls
48.62,46.56373,1717509314,C:\final_project\pcap_files_test\2024_06_04_16_52_250falls30demoKBps\pcap_2024_06_04_16_52_250falls30demoKBpsRtp.csv,falls
48.35,46.16953,1717509315,C:\final_project\pcap_files_test\2024_06_04_16_52_250falls30demoKBps\pcap_2024_06_04_16_52_250falls30demoKBpsRtp.csv,falls
47.52,46.13207,1717509316,C:\final_project\pcap_files_test\2024_06_04_16_52_250falls30demoKBps\pcap_2024_06_04_16_52_250falls30demoKBpsRtp.csv,falls
47.78,45.78718,1717509317,C:\final_project\pcap_files_test\2024_06_04_16_52_250falls30demoKBps\pcap_2024_06_04_16_52_250falls30demoKBpsRtp.csv,falls
47.93,45.42626,1717509318,C:\final_project\pcap_files_test\2024_06_04_16_52_250falls30demoKBps\pcap_2024_06_04_16_52_250falls30demoKBpsRtp.csv,falls
47.95,43.81213,1717509319,C:\final_project\pcap_files_test\2024_06_04_16_52_250falls30demoKBps\pcap_2024_06_04_16_52_250falls30demoKBpsRtp.csv,falls
48.06,43.97611,1717509320,C:\final_project\pcap_files_test\2024_06_04_16_52_250falls30demoKBps\pcap_2024_06_04_16_52_250falls30demoKBpsRtp.csv,falls
47.83,43.43011,1717509321,C:\final_project\pcap_files_test\2024_06_04_16_52_250falls30demoKBps\pcap_2024_06_04_16_52_250falls30demoKBpsRtp.csv,falls
47.79,43.52037,1717509322,C:\final_project\pcap_files_test\2024_06_04_16_52_250falls30demoKBps\pcap_2024_06_04_16_52_250falls30demoKBpsRtp.csv,falls
47.85,43.32539,1717509323,C:\final_project\pcap_files_test\2024_06_04_16_52_250falls30demoKBps\pcap_2024_06_04_16_52_250falls30demoKBpsRtp.csv,falls
47.11,45.22339,1717509324,C:\final_project\pcap_files_test\2024_06_04_16_52_250falls30demoKBps\pcap_2024_06_04_16_52_250falls30demoKBpsRtp.csv,falls
47.86,44.64561,1717509325,C:\final_project\pcap_files_test\2024_06_04_16_52_250falls30demoKBps\pcap_2024_06_04_16_52_250falls30demoKBpsRtp.csv,falls
47.58,43.90134,1717509326,C:\final_project\pcap_files_test\2024_06_04_16_52_250falls30demoKBps\pcap_2024_06_04_16_52_250falls30demoKBpsRtp.csv,falls
48.15,43.86721,1717509327,C:\final_project\pcap_files_test\2024_06_04_16_52_250falls30demoKBps\pcap_2024_06_04_16_52_250falls30demoKBpsRtp.csv,falls
47.4,43.28099,1717509328,C:\final_project\pcap_files_test\2024_06_04_16_52_250falls30demoKBps\pcap_2024_06_04_16_52_250falls30demoKBpsRtp.csv,falls
47.9,44.07664,1717509329,C:\final_project\pcap_files_test\2024_06_04_16_52_250falls30demoKBps\pcap_2024_06_04_16_52_250falls30demoKBpsRtp.csv,falls
47.44,44.07852,1717509330,C:\final_project\pcap_files_test\2024_06_04_16_52_250falls30demoKBps\pcap_2024_06_04_16_52_250falls30demoKBpsRtp.csv,falls
47.67,44.62574,1717509331,C:\final_project\pcap_files_test\2024_06_04_16_52_250falls30demoKBps\pcap_2024_06_04_16_52_250falls30demoKBpsRtp.csv,falls
48.16,45.02754,1717509332,C:\final_project\pcap_files_test\2024_06_04_16_52_250falls30demoKBps\pcap_2024_06_04_16_52_250falls30demoKBpsRtp.csv,falls
48.58,45.02981,1717509333,C:\final_project\pcap_files_test\2024_06_04_16_52_250falls30demoKBps\pcap_2024_06_04_16_52_250falls30demoKBpsRtp.csv,falls
48.53,45.11043,1717509334,C:\final_project\pcap_files_test\2024_06_04_16_52_250falls30demoKBps\pcap_2024_06_04_16_52_250falls30demoKBpsRtp.csv,falls
48.27,43.08355,1717509335,C:\final_project\pcap_files_test\2024_06_04_16_52_250falls30demoKBps\pcap_2024_06_04_16_52_250falls30demoKBpsRtp.csv,falls
47.24,44.42621,1717509336,C:\final_project\pcap_files_test\2024_06_04_16_52_250falls30demoKBps\pcap_2024_06_04_16_52_250falls30demoKBpsRtp.csv,falls
47.3,45.01057,1717509337,C:\final_project\pcap_files_test\2024_06_04_16_52_250falls30demoKBps\pcap_2024_06_04_16_52_250falls30demoKBpsRtp.csv,falls
49.32,45.20306,1717509338,C:\final_project\pcap_files_test\2024_06_04_16_52_250falls30demoKBps\pcap_2024_06_04_16_52_250falls30demoKBpsRtp.csv,falls
48.52,44.82809,1717509339,C:\final_project\pcap_files_test\2024_06_04_16_52_250falls30demoKBps\pcap_2024_06_04_16_52_250falls30demoKBpsRtp.csv,falls
48.0,44.63084,1717509340,C:\final_project\pcap_files_test\2024_06_04_16_52_250falls30demoKBps\pcap_2024_06_04_16_52_250falls30demoKBpsRtp.csv,falls
48.78,44.47992,1717509341,C:\final_project\pcap_files_test\2024_06_04_16_52_250falls30demoKBps\pcap_2024_06_04_16_52_250falls30demoKBpsRtp.csv,falls
48.72,44.65612,1717509342,C:\final_project\pcap_files_test\2024_06_04_16_52_250falls30demoKBps\pcap_2024_06_04_16_52_250falls30demoKBpsRtp.csv,falls
48.95,44.51219,1717509343,C:\final_project\pcap_files_test\2024_06_04_16_52_250falls30demoKBps\pcap_2024_06_04_16_52_250falls30demoKBpsRtp.csv,falls
48.36,44.82069,1717509344,C:\final_project\pcap_files_test\2024_06_04_16_52_250falls30demoKBps\pcap_2024_06_04_16_52_250falls30demoKBpsRtp.csv,falls
47.92,44.23111,1717509345,C:\final_project\pcap_files_test\2024_06_04_16_52_250falls30demoKBps\pcap_2024_06_04_16_52_250falls30demoKBpsRtp.csv,falls
47.54,44.06452,1717509346,C:\final_project\pcap_files_test\2024_06_04_16_52_250falls30demoKBps\pcap_2024_06_04_16_52_250falls30demoKBpsRtp.csv,falls
47.81,44.41604,1717509347,C:\final_project\pcap_files_test\2024_06_04_16_52_250falls30demoKBps\pcap_2024_06_04_16_52_250falls30demoKBpsRtp.csv,falls
47.66,44.1991,1717509348,C:\final_project\pcap_files_test\2024_06_04_16_52_250falls30demoKBps\pcap_2024_06_04_16_52_250falls30demoKBpsRtp.csv,falls
48.26,43.70756,1717509349,C:\final_project\pcap_files_test\2024_06_04_16_52_250falls30demoKBps\pcap_2024_06_04_16_52_250falls30demoKBpsRtp.csv,falls
47.16,43.99987,1717509350,C:\final_project\pcap_files_test\2024_06_04_16_52_250falls30demoKBps\pcap_2024_06_04_16_52_250falls30demoKBpsRtp.csv,falls
48.14,44.0025,1717509351,C:\final_project\pcap_files_test\2024_06_04_16_52_250falls30demoKBps\pcap_2024_06_04_16_52_250falls30demoKBpsRtp.csv,falls
47.63,43.33108,1717509352,C:\final_project\pcap_files_test\2024_06_04_16_52_250falls30demoKBps\pcap_2024_06_04_16_52_250falls30demoKBpsRtp.csv,falls
48.51,43.24677,1717509353,C:\final_project\pcap_files_test\2024_06_04_16_52_250falls30demoKBps\pcap_2024_06_04_16_52_250falls30demoKBpsRtp.csv,falls
47.93,43.17442,1717509354,C:\final_project\pcap_files_test\2024_06_04_16_52_250falls30demoKBps\pcap_2024_06_04_16_52_250falls30demoKBpsRtp.csv,falls
47.72,43.11258,1717509355,C:\final_project\pcap_files_test\2024_06_04_16_52_250falls30demoKBps\pcap_2024_06_04_16_52_250falls30demoKBpsRtp.csv,falls
47.72,43.08627,1717509356,C:\final_project\pcap_files_test\2024_06_04_16_52_250falls30demoKBps\pcap_2024_06_04_16_52_250falls30demoKBpsRtp.csv,falls
47.49,43.25124,1717509357,C:\final_project\pcap_files_test\2024_06_04_16_52_250falls30demoKBps\pcap_2024_06_04_16_52_250falls30demoKBpsRtp.csv,falls
48.02,43.10439,1717509358,C:\final_project\pcap_files_test\2024_06_04_16_52_250falls30demoKBps\pcap_2024_06_04_16_52_250falls30demoKBpsRtp.csv,falls
48.39,42.94749,1717509359,C:\final_project\pcap_files_test\2024_06_04_16_52_250falls30demoKBps\pcap_2024_06_04_16_52_250falls30demoKBpsRtp.csv,falls
47.58,43.142,1717509360,C:\final_project\pcap_files_test\2024_06_04_16_52_250falls30demoKBps\pcap_2024_06_04_16_52_250falls30demoKBpsRtp.csv,falls
48.11,43.15941,1717509361,C:\final_project\pcap_files_test\2024_06_04_16_52_250falls30demoKBps\pcap_2024_06_04_16_52_250falls30demoKBpsRtp.csv,falls
46.31,42.80713,1717509362,C:\final_project\pcap_files_test\2024_06_04_16_52_250falls30demoKBps\pcap_2024_06_04_16_52_250falls30demoKBpsRtp.csv,falls
48.0,42.7935,1717509363,C:\final_project\pcap_files_test\2024_06_04_16_52_250falls30demoKBps\pcap_2024_06_04_16_52_250falls30demoKBpsRtp.csv,falls
46.93,42.83625,1717509364,C:\final_project\pcap_files_test\2024_06_04_16_52_250falls30demoKBps\pcap_2024_06_04_16_52_250falls30demoKBpsRtp.csv,falls
47.21,43.2535,1717509365,C:\final_project\pcap_files_test\2024_06_04_16_52_250falls30demoKBps\pcap_2024_06_04_16_52_250falls30demoKBpsRtp.csv,falls
48.34,43.47098,1717509367,C:\final_project\pcap_files_test\2024_06_04_16_52_250falls30demoKBps\pcap_2024_06_04_16_52_250falls30demoKBpsRtp.csv,falls
47.46,43.7364,1717509368,C:\final_project\pcap_files_test\2024_06_04_16_52_250falls30demoKBps\pcap_2024_06_04_16_52_250falls30demoKBpsRtp.csv,falls
47.94,43.2317,1717509369,C:\final_project\pcap_files_test\2024_06_04_16_52_250falls30demoKBps\pcap_2024_06_04_16_52_250falls30demoKBpsRtp.csv,falls
47.15,43.00793,1717509370,C:\final_project\pcap_files_test\2024_06_04_16_52_250falls30demoKBps\pcap_2024_06_04_16_52_250falls30demoKBpsRtp.csv,falls
47.44,45.61662,1717509371,C:\final_project\pcap_files_test\2024_06_04_16_52_250falls30demoKBps\pcap_2024_06_04_16_52_250falls30demoKBpsRtp.csv,falls
47.88,44.15496,1717509372,C:\final_project\pcap_files_test\2024_06_04_16_52_250falls30demoKBps\pcap_2024_06_04_16_52_250falls30demoKBpsRtp.csv,falls
47.09,44.27581,1717509373,C:\final_project\pcap_files_test\2024_06_04_16_52_250falls30demoKBps\pcap_2024_06_04_16_52_250falls30demoKBpsRtp.csv,falls
46.22,44.65915,1717509374,C:\final_project\pcap_files_test\2024_06_04_16_52_250falls30demoKBps\pcap_2024_06_04_16_52_250falls30demoKBpsRtp.csv,falls
47.72,43.78446,1717509375,C:\final_project\pcap_files_test\2024_06_04_16_52_250falls30demoKBps\pcap_2024_06_04_16_52_250falls30demoKBpsRtp.csv,falls
47.86,44.11361,1717509376,C:\final_project\pcap_files_test\2024_06_04_16_52_250falls30demoKBps\pcap_2024_06_04_16_52_250falls30demoKBpsRtp.csv,falls
47.65,43.91793,1717509377,C:\final_project\pcap_files_test\2024_06_04_16_52_250falls30demoKBps\pcap_2024_06_04_16_52_250falls30demoKBpsRtp.csv,falls
48.07,45.08301,1717509378,C:\final_project\pcap_files_test\2024_06_04_16_52_250falls30demoKBps\pcap_2024_06_04_16_52_250falls30demoKBpsRtp.csv,falls
48.41,45.73833,1717509379,C:\final_project\pcap_files_test\2024_06_04_16_52_250falls30demoKBps\pcap_2024_06_04_16_52_250falls30demoKBpsRtp.csv,falls
46.99,45.35449,1717509380,C:\final_project\pcap_files_test\2024_06_04_16_52_250falls30demoKBps\pcap_2024_06_04_16_52_250falls30demoKBpsRtp.csv,falls
47.48,43.72531,1717509381,C:\final_project\pcap_files_test\2024_06_04_16_52_250falls30demoKBps\pcap_2024_06_04_16_52_250falls30demoKBpsRtp.csv,falls
47.13,43.27632,1717509382,C:\final_project\pcap_files_test\2024_06_04_16_52_250falls30demoKBps\pcap_2024_06_04_16_52_250falls30demoKBpsRtp.csv,falls
47.71,43.3298,1717509383,C:\final_project\pcap_files_test\2024_06_04_16_52_250falls30demoKBps\pcap_2024_06_04_16_52_250falls30demoKBpsRtp.csv,falls
48.18,43.39045,1717509384,C:\final_project\pcap_files_test\2024_06_04_16_52_250falls30demoKBps\pcap_2024_06_04_16_52_250falls30demoKBpsRtp.csv,falls
47.98,43.11662,1717509385,C:\final_project\pcap_files_test\2024_06_04_16_52_250falls30demoKBps\pcap_2024_06_04_16_52_250falls30demoKBpsRtp.csv,falls
47.72,44.75202,1717509386,C:\final_project\pcap_files_test\2024_06_04_16_52_250falls30demoKBps\pcap_2024_06_04_16_52_250falls30demoKBpsRtp.csv,falls
48.03,44.83178,1717509387,C:\final_project\pcap_files_test\2024_06_04_16_52_250falls30demoKBps\pcap_2024_06_04_16_52_250falls30demoKBpsRtp.csv,falls
47.7,44.03867,1717509388,C:\final_project\pcap_files_test\2024_06_04_16_52_250falls30demoKBps\pcap_2024_06_04_16_52_250falls30demoKBpsRtp.csv,falls
47.68,43.26852,1717509389,C:\final_project\pcap_files_test\2024_06_04_16_52_250falls30demoKBps\pcap_2024_06_04_16_52_250falls30demoKBpsRtp.csv,falls
47.55,43.66752,1717509390,C:\final_project\pcap_files_test\2024_06_04_16_52_250falls30demoKBps\pcap_2024_06_04_16_52_250falls30demoKBpsRtp.csv,falls
47.91,44.42931,1717509391,C:\final_project\pcap_files_test\2024_06_04_16_52_250falls30demoKBps\pcap_2024_06_04_16_52_250falls30demoKBpsRtp.csv,falls
47.97,43.70577,1717509392,C:\final_project\pcap_files_test\2024_06_04_16_52_250falls30demoKBps\pcap_2024_06_04_16_52_250falls30demoKBpsRtp.csv,falls
46.59,42.48721,1717509393,C:\final_project\pcap_files_test\2024_06_04_16_52_250falls30demoKBps\pcap_2024_06_04_16_52_250falls30demoKBpsRtp.csv,falls
45.46,42.51783,1717509394,C:\final_project\pcap_files_test\2024_06_04_16_52_250falls30demoKBps\pcap_2024_06_04_16_52_250falls30demoKBpsRtp.csv,falls
46.66,42.6701,1717509395,C:\final_project\pcap_files_test\2024_06_04_16_52_250falls30demoKBps\pcap_2024_06_04_16_52_250falls30demoKBpsRtp.csv,falls
48.33,42.40156,1717509396,C:\final_project\pcap_files_test\2024_06_04_16_52_250falls30demoKBps\pcap_2024_06_04_16_52_250falls30demoKBpsRtp.csv,falls
46.94,42.6444,1717509397,C:\final_project\pcap_files_test\2024_06_04_16_52_250falls30demoKBps\pcap_2024_06_04_16_52_250falls30demoKBpsRtp.csv,falls
46.92,43.22972,1717509398,C:\final_project\pcap_files_test\2024_06_04_16_52_250falls30demoKBps\pcap_2024_06_04_16_52_250falls30demoKBpsRtp.csv,falls
47.71,43.04101,1717509399,C:\final_project\pcap_files_test\2024_06_04_16_52_250falls30demoKBps\pcap_2024_06_04_16_52_250falls30demoKBpsRtp.csv,falls
46.11,43.32078,1717509400,C:\final_project\pcap_files_test\2024_06_04_16_52_250falls30demoKBps\pcap_2024_06_04_16_52_250falls30demoKBpsRtp.csv,falls
45.06,43.72874,1717509401,C:\final_project\pcap_files_test\2024_06_04_16_52_250falls30demoKBps\pcap_2024_06_04_16_52_250falls30demoKBpsRtp.csv,falls
47.94,43.49341,1717509402,C:\final_project\pcap_files_test\2024_06_04_16_52_250falls30demoKBps\pcap_2024_06_04_16_52_250falls30demoKBpsRtp.csv,falls
46.97,46.27953,1717509403,C:\final_project\pcap_files_test\2024_06_04_16_52_250falls30demoKBps\pcap_2024_06_04_16_52_250falls30demoKBpsRtp.csv,falls
47.91,43.85908,1717509404,C:\final_project\pcap_files_test\2024_06_04_16_52_250falls30demoKBps\pcap_2024_06_04_16_52_250falls30demoKBpsRtp.csv,falls
47.86,43.67609,1717509405,C:\final_project\pcap_files_test\2024_06_04_16_52_250falls30demoKBps\pcap_2024_06_04_16_52_250falls30demoKBpsRtp.csv,falls
47.78,43.90229,1717509406,C:\final_project\pcap_files_test\2024_06_04_16_52_250falls30demoKBps\pcap_2024_06_04_16_52_250falls30demoKBpsRtp.csv,falls
47.56,43.65803,1717509407,C:\final_project\pcap_files_test\2024_06_04_16_52_250falls30demoKBps\pcap_2024_06_04_16_52_250falls30demoKBpsRtp.csv,falls
46.14,44.21854,1717509408,C:\final_project\pcap_files_test\2024_06_04_16_52_250falls30demoKBps\pcap_2024_06_04_16_52_250falls30demoKBpsRtp.csv,falls
46.97,44.08663,1717509409,C:\final_project\pcap_files_test\2024_06_04_16_52_250falls30demoKBps\pcap_2024_06_04_16_52_250falls30demoKBpsRtp.csv,falls
47.19,43.96795,1717509410,C:\final_project\pcap_files_test\2024_06_04_16_52_250falls30demoKBps\pcap_2024_06_04_16_52_250falls30demoKBpsRtp.csv,falls
47.36,46.08086,1717509411,C:\final_project\pcap_files_test\2024_06_04_16_52_250falls30demoKBps\pcap_2024_06_04_16_52_250falls30demoKBpsRtp.csv,falls
48.11,46.71536,1717509412,C:\final_project\pcap_files_test\2024_06_04_16_52_250falls30demoKBps\pcap_2024_06_04_16_52_250falls30demoKBpsRtp.csv,falls
